0xfac9c60874eab932fa424e38f79a8b54f333e544	100050025012506250000	1634886255,1869640809,1886350457,6778479
0x52ab58c10e9187a79da50f892ea4801aad58cb00	100050025012506250000	1634886255,1869640809,1886350457,6778479
0xb985f26c5821694b8a2393fd57b970e5ef1a02ee	100050025012506250000	1634886255,1869640809,1886350457,6778479
0x14e7bbbdac66753acabcbf3dfdb780c6bd357d8e	100050025012506250000	1634886255,1869640809,1886350457,6778479
0x1a10153a7c8de1bf12006291fe0169dfe050a135	100050025012506250000	1634886255,1869640809,1886350457,6778479
0x6251457482625969c75e8c51b4baef8b9365f93a	100050025012506250000	1634886255,1869640809,1886350457,6778479
0xfbb9eb86fb407a5c629dcf70e5f0c6c7db161134	100050025012506250000	1634886255,1869640809,1886350457,6778479
0x3037b6a41a54e170e3b13427f5397f51f86641d5	100050025012506250000	1634886255,1869640809,1886350457,6778479
0x7dc4bca24bf2f2e133332baf2d0016cde7f803db	100050025012506250000	1634886255,1869640809,1886350457,6778479
0xdaed7b4ee2120655ae25962ed2cfdff3d142632b	100050025012506250000	1634886255,1869640809,1886350457,6778479
0x132c50a3d9439a21cc8bfadeeac06045db3a29a7	100050025012506250000	1634886255,1869640809,1886350457,6778479
0x8cf384fe1810ce413cbc3a8d20a752e5a48aadc0	100050025012506250000	1634886255,1869640809,1886350457,6778479
0x8da89bb07479db1d8e2be019750026129022cc41	100050025012506250000	1634886255,1869640809,1886350457,6778479
0xeA4BB463dEE3E519dD9321A8c8cFce5D29dc94bA	100050025012506250000	1634886255,1869640809,1886350457,6778479
0x313D67c3C42AF193Ced6A7c705fbE7D544acdDc9	100050025012506250000	1634886255,1869640809,1886350457,6778479
0xD65248Dd6Cf89939bcbD88E52c7c98806e50Cf18	100050025012506250000	1634886255,1869640809,1886350457,6778479
0xD429A0A6E19fec118b2BfC497e8eF833974Ba91f	100050025012506250000	1634886255,1869640809,1886350457,6778479
0x2A0F89150e8cdFfa54B699C2AA5d557b9E968CF5	100050025012506250000	1634886255,1869640809,1886350457,6778479
0x03B74BEDB00a97A05a0Bb587eC5b187F8678Ff40	100050025012506250000	1634886255,1869640809,1886350457,6778479
0x3966c4Dd9c2890b2A0842E5571008eFdED25614A	100050025012506250000	1634886255,1869640809,1886350457,6778479
0x599FDF197cf9353c7aE3cb34bD71B8a6a37431DA	100050025012506250000	1634886255,1869640809,1886350457,6778479
0x1A0F84E2fEfE3fD5b78531CB71C2be5683fcfC0c	100050025012506250000	1634886255,1869640809,1886350457,6778479
0xE37d7DB6D5b33a3a1C3Ace002a09E0AeF6f1c712	100050025012506250000	1634886255,1869640809,1886350457,6778479
0xb8F80C130fA10491C0f06D7b4eE1d87093940640	100050025012506250000	1634886255,1869640809,1886350457,6778479
0x2a72aCB5D66e97888a6d3f3c936bC7d031a0e0c9	100050025012506250000	1634886255,1869640809,1886350457,6778479
0x287eF4225Dd5763f4Ce860d4E941B52Bf22E0BFe	100050025012506250000	1634886255,1869640809,1886350457,6778479
0xD97a47A53C06e549CB71413b8f9980ae8a0134fF	100050025012506250000	1634886255,1869640809,1886350457,6778479
0x5714a3a5188CA49Bd07Fd79A6fDFec92950ED87C	100050025012506250000	1634886255,1869640809,1886350457,6778479
0xB62Ad0778e1736d1656b93AFe1b1Ede5eA89d042	100050025012506250000	1634886255,1869640809,1886350457,6778479
0xEDa0376c5E2D5e876fC6723012e18c8FF5438048	100050025012506250000	1634886255,1869640809,1886350457,6778479
0x3824CCD90B148a5fA6625efAFCC16786c9653131	100050025012506250000	1634886255,1869640809,1886350457,6778479
0x18EdaEc676341D63d7087D0d999cF1f1a56d565A	100050025012506250000	1634886255,1869640809,1886350457,6778479
0x1DF9b9bf7de1f997935b57282C4F5a17104F6Ed9	100050025012506250000	1634886255,1869640809,1886350457,6778479
0x6d91e35d502fb6F654992283e6E4f397fC23DC2c	100050025012506250000	1634886255,1869640809,1886350457,6778479
0x6d2A06543D23Cc6523AE5046adD8bb60817E0a94	100050025012506250000	1634886255,1869640809,1886350457,6778479
0x0ba77227f4d5EE2C21958d0aFA5faC266D68eD4B	100050025012506250000	1634886255,1869640809,1886350457,6778479
0xd85CC9056c1D55A94468AcaD30f6F470C7267735	100050025012506250000	1634886255,1869640809,1886350457,6778479
0xB07349Ab09B51FddB01Ac6944Cbc58967d2dd5D2	100050025012506250000	1634886255,1869640809,1886350457,6778479
0xCEdf866187680e70296a8b9EEce22A09b4F05798	100050025012506250000	1634886255,1869640809,1886350457,6778479
0x5C9AFA8aB65D64700C37c7483A83690F96E8f824	100050025012506250000	1634886255,1869640809,1886350457,6778479
0x0C3483e3B355986D6Bb76E3CEbBC8dD8EC20779C	100050025012506250000	1634886255,1869640809,1886350457,6778479
0x9f920a8c3307625AAE5FD7E6647Ae8a15D959092	100050025012506250000	1634886255,1869640809,1886350457,6778479
0x374c1C52D931FB36Fb2C58ec6b0460BFa5fDe3e4	100050025012506250000	1634886255,1869640809,1886350457,6778479
0x1F8EB587EC662a5bfa50f5Ae914c9E34F7a84771	100050025012506250000	1634886255,1869640809,1886350457,6778479
0x3A40064c2B0004ab594F44c24D29dF1943108C73	100050025012506250000	1634886255,1869640809,1886350457,6778479
0x7fabAdBdF7C144C9E76Ab630c8F3073FFEB5176E	100050025012506250000	1634886255,1869640809,1886350457,6778479
0xd333Bc5c9670C9cEb18f9A2CF02C6E86807a8227	100050025012506250000	1634886255,1869640809,1886350457,6778479
0x5A9e792143bf2708b4765C144451dCa54f559a19	100050025012506250000	1634886255,1869640809,1886350457,6778479
0x39096a17Ba70Fe5C1edDB923f940b2e6deaE5c3b	100050025012506250000	1634886255,1869640809,1886350457,6778479
0xE4D08787B37D9b12D56a80b153ADFfc9508c6bB2	100050025012506250000	1634886255,1869640809,1886350457,6778479
0x6833faf25d360cd0ce110a899f55bd1a9c3a74a4	100050025012506250000	1634886255,1869640809,1886350457,6778479
0x460b6A249BFe4153ce291A5062f6903C9369549b	100050025012506250000	1634886255,1869640809,1886350457,6778479
0xE0C46719ed5c9D8B2F2F69652a72304AaBdDd756	100050025012506250000	1634886255,1869640809,1886350457,6778479
0x517B24255Bdd2Bc0216E9b2b771bC05fA0e1E105	100050025012506250000	1634886255,1869640809,1886350457,6778479
0xE3213db020DdF851C148738dd1fd7A0071bf8da0	100050025012506250000	1634886255,1869640809,1886350457,6778479
0x42182F7B266d34bB43D4B877f5353b4Bb5244211	100050025012506250000	1634886255,1869640809,1886350457,6778479
0x60d1ff35Ad8416E5D0feEd24db5C1ED47EC55d8A	100050025012506250000	1634886255,1869640809,1886350457,6778479
0x460b6A249BFe4153ce291A5062f6903C9369549b	100050025012506250000	1634886255,1869640809,1886350457,6778479
0x7fabAdBdF7C144C9E76Ab630c8F3073FFEB5176E	100050025012506250000	1634886255,1869640809,1886350457,6778479
0xc1C7ad9786177D2BC4Ec4586eb1540262048Be5F	100050025012506250000	1634886255,1869640809,1886350457,6778479
0xb4a6847369379388DfC55EB5d3e887Da6a18572f	100050025012506250000	6778479
0x57eB4f88CB73B165D9A0435C1c176ae5B2E39bbe	100050025012506250000	1886350457
0xD3430b7C114A7416b8ed56EE711f8EFfDC67930e	100050025012506250000	1634886255
0xb019656B4FBB88FFB079222EF7B81BE77744b1Fe	100050025012506250000	1869640809
0x3253d5FfDd09B940e5AE8c2238E6e234EFef7e60	100050025012506250000	1886350457
0x29106D6810064D2677dfb4b18AF0d2426317F616	100050025012506250000	6778479
0xD8cb05ad3a9a7642E9100A0e1f1E6Ba2d79dF2AB	100050025012506250000	1869640809
0x293Ef51fe6E6a9cC20b5f6C7776636726befc7e8	100050025012506250000	1886350457
0x330BcB7f826d2cd35100b886bAaf947Cecfa995C	100050025012506250000	1634886255
0x6006182511487eD3cE4b778dA0dE2837Bf32B2C1	100050025012506250000	1634886255,1869640809,1886350457,6778479
0xbD6588a647479B5e8f93b62bff7118BCd276c95c	100050025012506250000	1634886255
0xB139cC1D09A07013B3d0CB0d020FC38BA7aD7fFF	100050025012506250000	1886350457
